reject_id,cdr_raw_ref,start_time_utc,duration_sec,b_number,egress_trunk,reject_reason,rejected_at,reprocessed
REJ-20260901-Z047,RAW-20260901-TRK-NB-03-Z047,2026-09-01T05:15:47Z,0,57382278XXXX,TRK-NB-03,ZERO_DURATION,2026-09-01T05:32:47Z,false
REJ-20260901-Z034,RAW-20260901-TRK-NB-04-Z034,2026-09-01T12:11:07Z,0,55119526XXXX,TRK-NB-04,ZERO_DURATION,2026-09-01T12:28:07Z,false
REJ-20260901-Z001,RAW-20260901-TRK-NB-05-Z001,2026-09-01T16:05:08Z,0,50259275XXXX,TRK-NB-05,ZERO_DURATION,2026-09-01T16:22:08Z,false
REJ-20260902-Z058,RAW-20260902-TRK-NB-06-Z058,2026-09-02T00:24:51Z,0,52699071XXXX,TRK-NB-06,ZERO_DURATION,2026-09-02T00:41:51Z,false
REJ-20260902-D001,RAW-20260902-TRK-NB-04-DUP001,2026-09-02T03:36:25Z,568,55119163XXXX,TRK-NB-04,DUPLICATE,2026-09-02T03:53:25Z,false
REJ-20260902-D002,RAW-20260902-TRK-NB-01-DUP002,2026-09-02T03:44:23Z,10,52168132XXXX,TRK-NB-01,DUPLICATE,2026-09-02T04:01:23Z,false
REJ-20260902-Z029,RAW-20260902-TRK-NB-06-Z029,2026-09-02T12:45:41Z,0,52248077XXXX,TRK-NB-06,ZERO_DURATION,2026-09-02T13:02:41Z,false
REJ-20260902-Z017,RAW-20260902-TRK-NB-03-Z017,2026-09-02T19:49:44Z,0,57352768XXXX,TRK-NB-03,ZERO_DURATION,2026-09-02T20:06:44Z,false
REJ-20260902-D003,RAW-20260902-TRK-NB-06-DUP003,2026-09-02T22:57:25Z,31,52538698XXXX,TRK-NB-06,DUPLICATE,2026-09-02T23:14:25Z,false
REJ-20260903-Z045,RAW-20260903-TRK-NB-03-Z045,2026-09-03T00:27:09Z,0,57365927XXXX,TRK-NB-03,ZERO_DURATION,2026-09-03T00:44:09Z,false
REJ-20260903-Z038,RAW-20260903-TRK-NB-06-Z038,2026-09-03T10:48:52Z,0,52365375XXXX,TRK-NB-06,ZERO_DURATION,2026-09-03T11:05:52Z,false
REJ-20260903-Z004,RAW-20260903-TRK-NB-05-Z004,2026-09-03T16:34:15Z,0,50257115XXXX,TRK-NB-05,ZERO_DURATION,2026-09-03T16:51:15Z,false
REJ-20260904-Z016,RAW-20260904-TRK-NB-03-Z016,2026-09-04T03:19:46Z,0,57322102XXXX,TRK-NB-03,ZERO_DURATION,2026-09-04T03:36:46Z,false
REJ-20260904-D004,RAW-20260904-TRK-NB-04-DUP004,2026-09-04T05:26:28Z,157,55219968XXXX,TRK-NB-04,DUPLICATE,2026-09-04T05:43:28Z,false
REJ-20260904-Z018,RAW-20260904-TRK-NB-01-Z018,2026-09-04T06:19:59Z,0,52118629XXXX,TRK-NB-01,ZERO_DURATION,2026-09-04T06:36:59Z,false
REJ-20260904-Z039,RAW-20260904-TRK-NB-05-Z039,2026-09-04T07:27:18Z,0,50255828XXXX,TRK-NB-05,ZERO_DURATION,2026-09-04T07:44:18Z,false
REJ-20260904-D005,RAW-20260904-TRK-NB-06-DUP005,2026-09-04T16:57:44Z,273,52714851XXXX,TRK-NB-06,DUPLICATE,2026-09-04T17:14:44Z,false
REJ-20260904-Z051,RAW-20260904-TRK-NB-01-Z051,2026-09-04T23:56:39Z,0,52182038XXXX,TRK-NB-01,ZERO_DURATION,2026-09-05T00:13:39Z,false
REJ-20260906-Z006,RAW-20260906-TRK-NB-06-Z006,2026-09-06T04:00:29Z,0,52218216XXXX,TRK-NB-06,ZERO_DURATION,2026-09-06T04:17:29Z,false
REJ-20260906-Z032,RAW-20260906-TRK-NB-04-Z032,2026-09-06T08:49:26Z,0,55119015XXXX,TRK-NB-04,ZERO_DURATION,2026-09-06T09:06:26Z,false
REJ-20260906-Z037,RAW-20260906-TRK-NB-06-Z037,2026-09-06T11:34:01Z,0,52595671XXXX,TRK-NB-06,ZERO_DURATION,2026-09-06T11:51:01Z,false
REJ-20260906-D006,RAW-20260906-TRK-NB-06-DUP006,2026-09-06T16:57:59Z,70,52531064XXXX,TRK-NB-06,DUPLICATE,2026-09-06T17:14:59Z,false
REJ-20260907-Z014,RAW-20260907-TRK-NB-06-Z014,2026-09-07T16:05:34Z,0,52449100XXXX,TRK-NB-06,ZERO_DURATION,2026-09-07T16:22:34Z,false
REJ-20260907-Z013,RAW-20260907-TRK-NB-04-Z013,2026-09-07T23:54:16Z,0,55119680XXXX,TRK-NB-04,ZERO_DURATION,2026-09-08T00:11:16Z,false
REJ-20260908-Z059,RAW-20260908-TRK-NB-04-Z059,2026-09-08T05:10:35Z,0,55119394XXXX,TRK-NB-04,ZERO_DURATION,2026-09-08T05:27:35Z,false
REJ-20260909-Z050,RAW-20260909-TRK-NB-01-Z050,2026-09-09T08:09:40Z,0,52188918XXXX,TRK-NB-01,ZERO_DURATION,2026-09-09T08:26:40Z,false
REJ-20260909-Z009,RAW-20260909-TRK-NB-05-Z009,2026-09-09T11:30:07Z,0,50259281XXXX,TRK-NB-05,ZERO_DURATION,2026-09-09T11:47:07Z,false
REJ-20260909-D007,RAW-20260909-TRK-NB-05-DUP007,2026-09-09T11:43:53Z,69,50255270XXXX,TRK-NB-05,DUPLICATE,2026-09-09T12:00:53Z,false
REJ-20260909-Z025,RAW-20260909-TRK-NB-01-Z025,2026-09-09T14:58:46Z,0,52143254XXXX,TRK-NB-01,ZERO_DURATION,2026-09-09T15:15:46Z,false
REJ-20260910-Z021,RAW-20260910-TRK-NB-04-Z021,2026-09-10T02:37:43Z,0,55119938XXXX,TRK-NB-04,ZERO_DURATION,2026-09-10T02:54:43Z,false
REJ-20260910-Z002,RAW-20260910-TRK-NB-04-Z002,2026-09-10T07:24:44Z,0,55119584XXXX,TRK-NB-04,ZERO_DURATION,2026-09-10T07:41:44Z,false
REJ-20260911-D008,RAW-20260911-TRK-NB-02-DUP008,2026-09-11T06:23:53Z,254,52177240XXXX,TRK-NB-02,DUPLICATE,2026-09-11T06:40:53Z,false
REJ-20260913-Z036,RAW-20260913-TRK-NB-01-Z036,2026-09-13T05:42:46Z,0,52122062XXXX,TRK-NB-01,ZERO_DURATION,2026-09-13T05:59:46Z,false
REJ-20260913-Z041,RAW-20260913-TRK-NB-04-Z041,2026-09-13T09:06:13Z,0,55119591XXXX,TRK-NB-04,ZERO_DURATION,2026-09-13T09:23:13Z,false
REJ-20260913-D009,RAW-20260913-TRK-NB-03-DUP009,2026-09-13T18:06:26Z,147,57314091XXXX,TRK-NB-03,DUPLICATE,2026-09-13T18:23:26Z,false
REJ-20260913-D010,RAW-20260913-TRK-NB-06-DUP010,2026-09-13T19:58:42Z,32,52756300XXXX,TRK-NB-06,DUPLICATE,2026-09-13T20:15:42Z,false
REJ-20260914-Z027,RAW-20260914-TRK-NB-05-Z027,2026-09-14T08:53:12Z,0,50254359XXXX,TRK-NB-05,ZERO_DURATION,2026-09-14T09:10:12Z,false
REJ-20260914-Z011,RAW-20260914-TRK-NB-04-Z011,2026-09-14T19:01:48Z,0,55119909XXXX,TRK-NB-04,ZERO_DURATION,2026-09-14T19:18:48Z,false
REJ-20260915-D011,RAW-20260915-TRK-NB-01-DUP011,2026-09-15T01:39:32Z,14,52137784XXXX,TRK-NB-01,DUPLICATE,2026-09-15T01:56:32Z,false
REJ-20260915-Z012,RAW-20260915-TRK-NB-06-Z012,2026-09-15T03:53:32Z,0,52950488XXXX,TRK-NB-06,ZERO_DURATION,2026-09-15T04:10:32Z,false
REJ-20260915-Z022,RAW-20260915-TRK-NB-06-Z022,2026-09-15T06:58:52Z,0,52657951XXXX,TRK-NB-06,ZERO_DURATION,2026-09-15T07:15:52Z,false
REJ-20260915-Z005,RAW-20260915-TRK-NB-04-Z005,2026-09-15T10:00:49Z,0,55119226XXXX,TRK-NB-04,ZERO_DURATION,2026-09-15T10:17:49Z,false
REJ-20260915-D012,RAW-20260915-TRK-NB-01-DUP012,2026-09-15T19:30:36Z,52,52118267XXXX,TRK-NB-01,DUPLICATE,2026-09-15T19:47:36Z,false
REJ-20260917-Z010,RAW-20260917-TRK-NB-01-Z010,2026-09-17T01:28:17Z,0,52112613XXXX,TRK-NB-01,ZERO_DURATION,2026-09-17T01:45:17Z,false
REJ-20260917-Z031,RAW-20260917-TRK-NB-06-Z031,2026-09-17T06:42:34Z,0,52987505XXXX,TRK-NB-06,ZERO_DURATION,2026-09-17T06:59:34Z,false
REJ-20260918-Z019,RAW-20260918-TRK-NB-04-Z019,2026-09-18T01:21:26Z,0,55119132XXXX,TRK-NB-04,ZERO_DURATION,2026-09-18T01:38:26Z,false
REJ-20260918-Z054,RAW-20260918-TRK-NB-04-Z054,2026-09-18T02:11:19Z,0,55119261XXXX,TRK-NB-04,ZERO_DURATION,2026-09-18T02:28:19Z,false
REJ-20260918-Z055,RAW-20260918-TRK-NB-01-Z055,2026-09-18T10:06:36Z,0,52141973XXXX,TRK-NB-01,ZERO_DURATION,2026-09-18T10:23:36Z,false
REJ-20260918-Z046,RAW-20260918-TRK-NB-05-Z046,2026-09-18T16:03:14Z,0,50259310XXXX,TRK-NB-05,ZERO_DURATION,2026-09-18T16:20:14Z,false
REJ-20260918-D013,RAW-20260918-TRK-NB-01-DUP013,2026-09-18T19:41:10Z,11,52194308XXXX,TRK-NB-01,DUPLICATE,2026-09-18T19:58:10Z,false
REJ-20260919-Z057,RAW-20260919-TRK-NB-03-Z057,2026-09-19T04:08:04Z,0,57391615XXXX,TRK-NB-03,ZERO_DURATION,2026-09-19T04:25:04Z,false
REJ-20260919-Z049,RAW-20260919-TRK-NB-01-Z049,2026-09-19T06:28:59Z,0,52190314XXXX,TRK-NB-01,ZERO_DURATION,2026-09-19T06:45:59Z,false
REJ-20260919-Z020,RAW-20260919-TRK-NB-04-Z020,2026-09-19T09:42:06Z,0,55119024XXXX,TRK-NB-04,ZERO_DURATION,2026-09-19T09:59:06Z,false
REJ-20260919-Z052,RAW-20260919-TRK-NB-01-Z052,2026-09-19T11:46:07Z,0,52108983XXXX,TRK-NB-01,ZERO_DURATION,2026-09-19T12:03:07Z,false
REJ-20260919-D014,RAW-20260919-TRK-NB-06-DUP014,2026-09-19T14:13:21Z,221,52889819XXXX,TRK-NB-06,DUPLICATE,2026-09-19T14:30:21Z,false
REJ-20260919-D015,RAW-20260919-TRK-NB-06-DUP015,2026-09-19T17:33:32Z,234,52059191XXXX,TRK-NB-06,DUPLICATE,2026-09-19T17:50:32Z,false
REJ-20260919-Z024,RAW-20260919-TRK-NB-06-Z024,2026-09-19T23:21:57Z,0,52680087XXXX,TRK-NB-06,ZERO_DURATION,2026-09-19T23:38:57Z,false
REJ-20260920-D016,RAW-20260920-TRK-NB-02-DUP016,2026-09-20T03:57:57Z,100,52165534XXXX,TRK-NB-02,DUPLICATE,2026-09-20T04:14:57Z,false
REJ-20260920-Z042,RAW-20260920-TRK-NB-04-Z042,2026-09-20T06:20:40Z,0,55119601XXXX,TRK-NB-04,ZERO_DURATION,2026-09-20T06:37:40Z,false
REJ-20260920-Z035,RAW-20260920-TRK-NB-03-Z035,2026-09-20T10:12:56Z,0,57344596XXXX,TRK-NB-03,ZERO_DURATION,2026-09-20T10:29:56Z,false
REJ-20260920-Z008,RAW-20260920-TRK-NB-01-Z008,2026-09-20T22:11:09Z,0,52172043XXXX,TRK-NB-01,ZERO_DURATION,2026-09-20T22:28:09Z,false
REJ-20260921-D017,RAW-20260921-TRK-NB-03-DUP017,2026-09-21T11:23:33Z,167,57307457XXXX,TRK-NB-03,DUPLICATE,2026-09-21T11:40:33Z,false
REJ-20260921-D018,RAW-20260921-TRK-NB-02-DUP018,2026-09-21T16:29:30Z,32,52137252XXXX,TRK-NB-02,DUPLICATE,2026-09-21T16:46:30Z,false
REJ-20260921-Z030,RAW-20260921-TRK-NB-05-Z030,2026-09-21T22:17:06Z,0,50253084XXXX,TRK-NB-05,ZERO_DURATION,2026-09-21T22:34:06Z,false
REJ-20260922-D019,RAW-20260922-TRK-NB-05-DUP019,2026-09-22T02:18:27Z,113,50253862XXXX,TRK-NB-05,DUPLICATE,2026-09-22T02:35:27Z,false
REJ-20260922-Z007,RAW-20260922-TRK-NB-05-Z007,2026-09-22T02:56:50Z,0,50252180XXXX,TRK-NB-05,ZERO_DURATION,2026-09-22T03:13:50Z,false
REJ-20260922-Z056,RAW-20260922-TRK-NB-01-Z056,2026-09-22T08:23:54Z,0,52192860XXXX,TRK-NB-01,ZERO_DURATION,2026-09-22T08:40:54Z,false
REJ-20260923-Z053,RAW-20260923-TRK-NB-06-Z053,2026-09-23T14:54:54Z,0,52543265XXXX,TRK-NB-06,ZERO_DURATION,2026-09-23T15:11:54Z,false
REJ-20260923-Z028,RAW-20260923-TRK-NB-05-Z028,2026-09-23T22:26:03Z,0,50255931XXXX,TRK-NB-05,ZERO_DURATION,2026-09-23T22:43:03Z,false
REJ-20260924-Z015,RAW-20260924-TRK-NB-05-Z015,2026-09-24T04:53:56Z,0,50255078XXXX,TRK-NB-05,ZERO_DURATION,2026-09-24T05:10:56Z,false
REJ-20260924-Z060,RAW-20260924-TRK-NB-03-Z060,2026-09-24T05:45:40Z,0,57392735XXXX,TRK-NB-03,ZERO_DURATION,2026-09-24T06:02:40Z,false
REJ-20260924-Z026,RAW-20260924-TRK-NB-01-Z026,2026-09-24T11:09:23Z,0,52162586XXXX,TRK-NB-01,ZERO_DURATION,2026-09-24T11:26:23Z,false
REJ-20260924-D020,RAW-20260924-TRK-NB-04-DUP020,2026-09-24T14:10:18Z,141,55119620XXXX,TRK-NB-04,DUPLICATE,2026-09-24T14:27:18Z,false
REJ-20260925-Z043,RAW-20260925-TRK-NB-05-Z043,2026-09-25T08:29:12Z,0,50252755XXXX,TRK-NB-05,ZERO_DURATION,2026-09-25T08:46:12Z,false
REJ-20260925-D021,RAW-20260925-TRK-NB-06-DUP021,2026-09-25T17:28:22Z,72,52616972XXXX,TRK-NB-06,DUPLICATE,2026-09-25T17:45:22Z,false
REJ-20260925-D022,RAW-20260925-TRK-NB-02-DUP022,2026-09-25T19:49:24Z,50,52153234XXXX,TRK-NB-02,DUPLICATE,2026-09-25T20:06:24Z,false
REJ-20260926-D023,RAW-20260926-TRK-NB-03-DUP023,2026-09-26T06:50:37Z,335,57359126XXXX,TRK-NB-03,DUPLICATE,2026-09-26T07:07:37Z,false
REJ-20260926-Z023,RAW-20260926-TRK-NB-03-Z023,2026-09-26T13:38:02Z,0,57354865XXXX,TRK-NB-03,ZERO_DURATION,2026-09-26T13:55:02Z,false
REJ-20260926-Z044,RAW-20260926-TRK-NB-05-Z044,2026-09-26T16:11:19Z,0,50255785XXXX,TRK-NB-05,ZERO_DURATION,2026-09-26T16:28:19Z,false
REJ-20260927-Z048,RAW-20260927-TRK-NB-03-Z048,2026-09-27T14:58:21Z,0,57322833XXXX,TRK-NB-03,ZERO_DURATION,2026-09-27T15:15:21Z,false
REJ-20260927-D024,RAW-20260927-TRK-NB-01-DUP024,2026-09-27T21:18:47Z,17,52143737XXXX,TRK-NB-01,DUPLICATE,2026-09-27T21:35:47Z,false
REJ-20260927-Z003,RAW-20260927-TRK-NB-05-Z003,2026-09-27T23:46:09Z,0,50253942XXXX,TRK-NB-05,ZERO_DURATION,2026-09-28T00:03:09Z,false
REJ-20260929-D025,RAW-20260929-TRK-NB-06-DUP025,2026-09-29T13:58:45Z,172,52981740XXXX,TRK-NB-06,DUPLICATE,2026-09-29T14:15:45Z,false
REJ-20260929-Z033,RAW-20260929-TRK-NB-03-Z033,2026-09-29T21:44:53Z,0,57383559XXXX,TRK-NB-03,ZERO_DURATION,2026-09-29T22:01:53Z,false
REJ-20260930-Z040,RAW-20260930-TRK-NB-05-Z040,2026-09-30T17:21:45Z,0,50258442XXXX,TRK-NB-05,ZERO_DURATION,2026-09-30T17:38:45Z,false
