run_id,date_local,destination_group,deck_id,dial_code_rule,rate,calls,billable_minutes,amount,currency
RUN-2026-09,2026-09-01,MX-MOB,NB-VOICE-2026-08-01,521,0.0120,6666,20000,240.00,USD
RUN-2026-09,2026-09-01,MX-FIX,NB-VOICE-2026-08-01,52,0.0060,4720,14160,84.96,USD
RUN-2026-09,2026-09-01,CO-MOB,NB-VOICE-2026-08-01,573,0.0150,3246,9740,146.10,USD
RUN-2026-09,2026-09-01,BR-MOB,NB-VOICE-2026-08-01,55119,0.0210,1600,4800,100.80,USD
RUN-2026-09,2026-09-01,BR-MOB,NB-VOICE-2026-08-01,55219,0.0210,1066,3200,67.20,USD
RUN-2026-09,2026-09-01,GT-MOB,NB-VOICE-2026-08-01,5025,0.0850,460,1380,117.30,USD
RUN-2026-09,2026-09-02,MX-MOB,NB-VOICE-2026-08-01,521,0.0120,6666,20000,240.00,USD
RUN-2026-09,2026-09-02,MX-FIX,NB-VOICE-2026-08-01,52,0.0060,4593,13780,82.68,USD
RUN-2026-09,2026-09-02,CO-MOB,NB-VOICE-2026-08-01,573,0.0150,3473,10420,156.30,USD
RUN-2026-09,2026-09-02,BR-MOB,NB-VOICE-2026-08-01,55119,0.0210,1813,5440,114.24,USD
RUN-2026-09,2026-09-02,BR-MOB,NB-VOICE-2026-08-01,55219,0.0210,1206,3620,76.02,USD
RUN-2026-09,2026-09-02,GT-MOB,NB-VOICE-2026-08-01,5025,0.0850,500,1500,127.50,USD
RUN-2026-09,2026-09-03,MX-MOB,NB-VOICE-2026-08-01,521,0.0120,6666,20000,240.00,USD
RUN-2026-09,2026-09-03,MX-FIX,NB-VOICE-2026-08-01,52,0.0060,5093,15280,91.68,USD
RUN-2026-09,2026-09-03,CO-MOB,NB-VOICE-2026-08-01,573,0.0150,3726,11180,167.70,USD
RUN-2026-09,2026-09-03,BR-MOB,NB-VOICE-2026-08-01,55119,0.0210,1593,4780,100.38,USD
RUN-2026-09,2026-09-03,BR-MOB,NB-VOICE-2026-08-01,55219,0.0210,1060,3180,66.78,USD
RUN-2026-09,2026-09-03,GT-MOB,NB-VOICE-2026-08-01,5025,0.0850,480,1440,122.40,USD
RUN-2026-09,2026-09-04,MX-MOB,NB-VOICE-2026-08-01,521,0.0120,6666,20000,240.00,USD
RUN-2026-09,2026-09-04,MX-FIX,NB-VOICE-2026-08-01,52,0.0060,4253,12760,76.56,USD
RUN-2026-09,2026-09-04,CO-MOB,NB-VOICE-2026-08-01,573,0.0150,3153,9460,141.90,USD
RUN-2026-09,2026-09-04,BR-MOB,NB-VOICE-2026-08-01,55119,0.0210,1893,5680,119.28,USD
RUN-2026-09,2026-09-04,BR-MOB,NB-VOICE-2026-08-01,55219,0.0210,1266,3800,79.80,USD
RUN-2026-09,2026-09-04,GT-MOB,NB-VOICE-2026-08-01,5025,0.0850,486,1460,124.10,USD
RUN-2026-09,2026-09-05,MX-MOB,NB-VOICE-2026-08-01,521,0.0120,6666,20000,240.00,USD
RUN-2026-09,2026-09-05,MX-FIX,NB-VOICE-2026-08-01,52,0.0060,3713,11140,66.84,USD
RUN-2026-09,2026-09-05,CO-MOB,NB-VOICE-2026-08-01,573,0.0150,2900,8700,130.50,USD
RUN-2026-09,2026-09-05,BR-MOB,NB-VOICE-2026-08-01,55119,0.0210,1313,3940,82.74,USD
RUN-2026-09,2026-09-05,BR-MOB,NB-VOICE-2026-08-01,55219,0.0210,873,2620,55.02,USD
RUN-2026-09,2026-09-05,GT-MOB,NB-VOICE-2026-08-01,5025,0.0850,353,1060,90.10,USD
RUN-2026-09,2026-09-06,MX-MOB,NB-VOICE-2026-08-01,521,0.0120,6666,20000,240.00,USD
RUN-2026-09,2026-09-06,MX-FIX,NB-VOICE-2026-08-01,52,0.0060,3886,11660,69.96,USD
RUN-2026-09,2026-09-06,CO-MOB,NB-VOICE-2026-08-01,573,0.0150,2833,8500,127.50,USD
RUN-2026-09,2026-09-06,BR-MOB,NB-VOICE-2026-08-01,55119,0.0210,1520,4560,95.76,USD
RUN-2026-09,2026-09-06,BR-MOB,NB-VOICE-2026-08-01,55219,0.0210,1013,3040,63.84,USD
RUN-2026-09,2026-09-06,GT-MOB,NB-VOICE-2026-08-01,5025,0.0850,400,1200,102.00,USD
RUN-2026-09,2026-09-07,MX-MOB,NB-VOICE-2026-08-01,521,0.0120,6666,20000,240.00,USD
RUN-2026-09,2026-09-07,MX-FIX,NB-VOICE-2026-08-01,52,0.0060,4773,14320,85.92,USD
RUN-2026-09,2026-09-07,CO-MOB,NB-VOICE-2026-08-01,573,0.0150,3460,10380,155.70,USD
RUN-2026-09,2026-09-07,BR-MOB,NB-VOICE-2026-08-01,55119,0.0210,1900,5700,119.70,USD
RUN-2026-09,2026-09-07,BR-MOB,NB-VOICE-2026-08-01,55219,0.0210,1266,3800,79.80,USD
RUN-2026-09,2026-09-07,GT-MOB,NB-VOICE-2026-08-01,5025,0.0850,533,1600,136.00,USD
RUN-2026-09,2026-09-08,MX-MOB,NB-VOICE-2026-08-01,521,0.0120,6666,20000,240.00,USD
RUN-2026-09,2026-09-08,MX-FIX,NB-VOICE-2026-08-01,52,0.0060,4393,13180,79.08,USD
RUN-2026-09,2026-09-08,CO-MOB,NB-VOICE-2026-08-01,573,0.0150,3466,10400,156.00,USD
RUN-2026-09,2026-09-08,BR-MOB,NB-VOICE-2026-08-01,55119,0.0210,1786,5360,112.56,USD
RUN-2026-09,2026-09-08,BR-MOB,NB-VOICE-2026-08-01,55219,0.0210,1193,3580,75.18,USD
RUN-2026-09,2026-09-08,GT-MOB,NB-VOICE-2026-08-01,5025,0.0850,520,1560,132.60,USD
RUN-2026-09,2026-09-09,MX-MOB,NB-VOICE-2026-08-01,521,0.0120,6666,20000,240.00,USD
RUN-2026-09,2026-09-09,MX-FIX,NB-VOICE-2026-08-01,52,0.0060,4940,14820,88.92,USD
RUN-2026-09,2026-09-09,CO-MOB,NB-VOICE-2026-08-01,573,0.0150,3846,11540,173.10,USD
RUN-2026-09,2026-09-09,BR-MOB,NB-VOICE-2026-08-01,55119,0.0210,1786,5360,112.56,USD
RUN-2026-09,2026-09-09,BR-MOB,NB-VOICE-2026-08-01,55219,0.0210,1193,3580,75.18,USD
RUN-2026-09,2026-09-09,GT-MOB,NB-VOICE-2026-08-01,5025,0.0850,513,1540,130.90,USD
RUN-2026-09,2026-09-10,MX-MOB,NB-VOICE-2026-08-01,521,0.0120,6666,20000,240.00,USD
RUN-2026-09,2026-09-10,MX-FIX,NB-VOICE-2026-08-01,52,0.0060,4793,14380,86.28,USD
RUN-2026-09,2026-09-10,CO-MOB,NB-VOICE-2026-08-01,573,0.0150,3313,9940,149.10,USD
RUN-2026-09,2026-09-10,BR-MOB,NB-VOICE-2026-08-01,55119,0.0210,1740,5220,109.62,USD
RUN-2026-09,2026-09-10,BR-MOB,NB-VOICE-2026-08-01,55219,0.0210,1160,3480,73.08,USD
RUN-2026-09,2026-09-10,GT-MOB,NB-VOICE-2026-08-01,5025,0.0850,533,1600,136.00,USD
RUN-2026-09,2026-09-11,MX-MOB,NB-VOICE-2026-08-01,521,0.0120,6666,20000,240.00,USD
RUN-2026-09,2026-09-11,MX-FIX,NB-VOICE-2026-08-01,52,0.0060,4320,12960,77.76,USD
RUN-2026-09,2026-09-11,CO-MOB,NB-VOICE-2026-08-01,573,0.0150,3760,11280,169.20,USD
RUN-2026-09,2026-09-11,BR-MOB,NB-VOICE-2026-08-01,55119,0.0210,1933,5800,121.80,USD
RUN-2026-09,2026-09-11,BR-MOB,NB-VOICE-2026-08-01,55219,0.0210,1286,3860,81.06,USD
RUN-2026-09,2026-09-11,GT-MOB,NB-VOICE-2026-08-01,5025,0.0850,526,1580,134.30,USD
RUN-2026-09,2026-09-12,MX-MOB,NB-VOICE-2026-08-01,521,0.0120,6666,20000,240.00,USD
RUN-2026-09,2026-09-12,MX-FIX,NB-VOICE-2026-08-01,52,0.0060,4006,12020,72.12,USD
RUN-2026-09,2026-09-12,CO-MOB,NB-VOICE-2026-08-01,573,0.0150,3020,9060,135.90,USD
RUN-2026-09,2026-09-12,BR-MOB,NB-VOICE-2026-08-01,55119,0.0210,1366,4100,86.10,USD
RUN-2026-09,2026-09-12,BR-MOB,NB-VOICE-2026-08-01,55219,0.0210,913,2740,57.54,USD
RUN-2026-09,2026-09-12,GT-MOB,NB-VOICE-2026-08-01,5025,0.0850,400,1200,102.00,USD
RUN-2026-09,2026-09-13,MX-MOB,NB-VOICE-2026-08-01,521,0.0120,6666,20000,240.00,USD
RUN-2026-09,2026-09-13,MX-FIX,NB-VOICE-2026-08-01,52,0.0060,3640,10920,65.52,USD
RUN-2026-09,2026-09-13,CO-MOB,NB-VOICE-2026-08-01,573,0.0150,2806,8420,126.30,USD
RUN-2026-09,2026-09-13,BR-MOB,NB-VOICE-2026-08-01,55119,0.0210,1406,4220,88.62,USD
RUN-2026-09,2026-09-13,BR-MOB,NB-VOICE-2026-08-01,55219,0.0210,933,2800,58.80,USD
RUN-2026-09,2026-09-13,GT-MOB,NB-VOICE-2026-08-01,5025,0.0850,360,1080,91.80,USD
RUN-2026-09,2026-09-14,MX-MOB,NB-VOICE-2026-08-01,521,0.0120,6666,20000,240.00,USD
RUN-2026-09,2026-09-14,MX-FIX,NB-VOICE-2026-08-01,52,0.0060,4893,14680,88.08,USD
RUN-2026-09,2026-09-14,CO-MOB,NB-VOICE-2026-08-01,573,0.0150,3193,9580,143.70,USD
RUN-2026-09,2026-09-14,BR-MOB,NB-VOICE-2026-08-01,55119,0.0210,1593,4780,100.38,USD
RUN-2026-09,2026-09-14,BR-MOB,NB-VOICE-2026-08-01,55219,0.0210,1060,3180,66.78,USD
RUN-2026-09,2026-09-14,GT-MOB,NB-VOICE-2026-08-01,5025,0.0850,440,1320,112.20,USD
RUN-2026-09,2026-09-15,MX-MOB,NB-VOICE-2026-08-01,521,0.0120,6666,20000,240.00,USD
RUN-2026-09,2026-09-15,MX-FIX,NB-VOICE-2026-08-01,52,0.0060,4286,12860,77.16,USD
RUN-2026-09,2026-09-15,CO-MOB,NB-VOICE-2026-08-01,573,0.0150,3753,11260,168.90,USD
RUN-2026-09,2026-09-15,BR-MOB,NB-VOICE-2026-08-01,55119,0.0210,1926,5780,121.38,USD
RUN-2026-09,2026-09-15,BR-MOB,NB-VOICE-2026-08-01,55219,0.0210,1286,3860,81.06,USD
RUN-2026-09,2026-09-15,GT-MOB,NB-VOICE-2026-08-01,5025,0.0850,526,1580,134.30,USD
RUN-2026-09,2026-09-16,MX-MOB,NB-VOICE-2026-08-01,521,0.0120,6666,20000,240.00,USD
RUN-2026-09,2026-09-16,MX-FIX,NB-VOICE-2026-08-01,52,0.0060,4580,13740,82.44,USD
RUN-2026-09,2026-09-16,CO-MOB,NB-VOICE-2026-08-01,573,0.0150,3720,11160,167.40,USD
RUN-2026-09,2026-09-16,BR-MOB,NB-VOICE-2026-08-01,55119,0.0210,1766,5300,111.30,USD
RUN-2026-09,2026-09-16,BR-MOB,NB-VOICE-2026-08-01,55219,0.0210,1173,3520,73.92,USD
RUN-2026-09,2026-09-16,GT-MOB,NB-VOICE-2026-08-01,5025,0.0850,526,1580,134.30,USD
RUN-2026-09,2026-09-17,MX-MOB,NB-VOICE-2026-08-01,521,0.0120,6666,20000,240.00,USD
RUN-2026-09,2026-09-17,MX-FIX,NB-VOICE-2026-08-01,52,0.0060,5013,15040,90.24,USD
RUN-2026-09,2026-09-17,CO-MOB,NB-VOICE-2026-08-01,573,0.0150,3620,10860,162.90,USD
RUN-2026-09,2026-09-17,BR-MOB,NB-VOICE-2026-08-01,55119,0.0210,1873,5620,118.02,USD
RUN-2026-09,2026-09-17,BR-MOB,NB-VOICE-2026-08-01,55219,0.0210,1246,3740,78.54,USD
RUN-2026-09,2026-09-17,GT-MOB,NB-VOICE-2026-08-01,5025,0.0850,480,1440,122.40,USD
RUN-2026-09,2026-09-18,MX-MOB,NB-VOICE-2026-08-01,521,0.0120,6666,20000,240.00,USD
RUN-2026-09,2026-09-18,MX-FIX,NB-VOICE-2026-08-01,52,0.0060,4660,13980,83.88,USD
RUN-2026-09,2026-09-18,CO-MOB,NB-VOICE-2026-08-01,573,0.0150,3546,10640,159.60,USD
RUN-2026-09,2026-09-18,BR-MOB,NB-VOICE-2026-08-01,55119,0.0210,1646,4940,103.74,USD
RUN-2026-09,2026-09-18,BR-MOB,NB-VOICE-2026-08-01,55219,0.0210,1093,3280,68.88,USD
RUN-2026-09,2026-09-18,GT-MOB,NB-VOICE-2026-08-01,5025,0.0850,520,1560,132.60,USD
RUN-2026-09,2026-09-19,MX-MOB,NB-VOICE-2026-08-01,521,0.0120,6666,20000,240.00,USD
RUN-2026-09,2026-09-19,MX-FIX,NB-VOICE-2026-08-01,52,0.0060,3346,10040,60.24,USD
RUN-2026-09,2026-09-19,CO-MOB,NB-VOICE-2026-08-01,573,0.0150,2646,7940,119.10,USD
RUN-2026-09,2026-09-19,BR-MOB,NB-VOICE-2026-08-01,55119,0.0210,1353,4060,85.26,USD
RUN-2026-09,2026-09-19,BR-MOB,NB-VOICE-2026-08-01,55219,0.0210,900,2700,56.70,USD
RUN-2026-09,2026-09-19,GT-MOB,NB-VOICE-2026-08-01,5025,0.0850,386,1160,98.60,USD
RUN-2026-09,2026-09-20,MX-MOB,NB-VOICE-2026-09-07,521,0.0185,6666,20000,370.00,USD
RUN-2026-09,2026-09-20,MX-FIX,NB-VOICE-2026-08-01,52,0.0060,3426,10280,61.68,USD
RUN-2026-09,2026-09-20,CO-MOB,NB-VOICE-2026-08-01,573,0.0150,2833,8500,127.50,USD
RUN-2026-09,2026-09-20,BR-MOB,NB-VOICE-2026-08-01,55119,0.0210,1526,4580,96.18,USD
RUN-2026-09,2026-09-20,BR-MOB,NB-VOICE-2026-08-01,55219,0.0210,1020,3060,64.26,USD
RUN-2026-09,2026-09-20,GT-MOB,NB-VOICE-2026-08-01,5025,0.0850,366,1100,93.50,USD
RUN-2026-09,2026-09-21,MX-MOB,NB-VOICE-2026-09-07,521,0.0185,6666,20000,370.00,USD
RUN-2026-09,2026-09-21,MX-FIX,NB-VOICE-2026-08-01,52,0.0060,4253,12760,76.56,USD
RUN-2026-09,2026-09-21,CO-MOB,NB-VOICE-2026-08-01,573,0.0150,3606,10820,162.30,USD
RUN-2026-09,2026-09-21,BR-MOB,NB-VOICE-2026-08-01,55119,0.0210,1640,4920,103.32,USD
RUN-2026-09,2026-09-21,BR-MOB,NB-VOICE-2026-08-01,55219,0.0210,1093,3280,68.88,USD
RUN-2026-09,2026-09-21,GT-MOB,NB-VOICE-2026-08-01,5025,0.0850,526,1580,134.30,USD
RUN-2026-09,2026-09-22,MX-MOB,NB-VOICE-2026-09-07,521,0.0185,6666,20000,370.00,USD
RUN-2026-09,2026-09-22,MX-FIX,NB-VOICE-2026-08-01,52,0.0060,4753,14260,85.56,USD
RUN-2026-09,2026-09-22,CO-MOB,NB-VOICE-2026-08-01,573,0.0150,3453,10360,155.40,USD
RUN-2026-09,2026-09-22,BR-MOB,NB-VOICE-2026-08-01,55119,0.0210,1840,5520,115.92,USD
RUN-2026-09,2026-09-22,BR-MOB,NB-VOICE-2026-08-01,55219,0.0210,1226,3680,77.28,USD
RUN-2026-09,2026-09-22,GT-MOB,NB-VOICE-2026-08-01,5025,0.0850,486,1460,124.10,USD
RUN-2026-09,2026-09-23,MX-MOB,NB-VOICE-2026-09-07,521,0.0185,6666,20000,370.00,USD
RUN-2026-09,2026-09-23,MX-FIX,NB-VOICE-2026-08-01,52,0.0060,4586,13760,82.56,USD
RUN-2026-09,2026-09-23,CO-MOB,NB-VOICE-2026-08-01,573,0.0150,3480,10440,156.60,USD
RUN-2026-09,2026-09-23,BR-MOB,NB-VOICE-2026-08-01,55119,0.0210,1866,5600,117.60,USD
RUN-2026-09,2026-09-23,BR-MOB,NB-VOICE-2026-08-01,55219,0.0210,1240,3720,78.12,USD
RUN-2026-09,2026-09-23,GT-MOB,NB-VOICE-2026-08-01,5025,0.0850,440,1320,112.20,USD
RUN-2026-09,2026-09-24,MX-MOB,NB-VOICE-2026-09-07,521,0.0185,6666,20000,370.00,USD
RUN-2026-09,2026-09-24,MX-FIX,NB-VOICE-2026-08-01,52,0.0060,5080,15240,91.44,USD
RUN-2026-09,2026-09-24,CO-MOB,NB-VOICE-2026-08-01,573,0.0150,3273,9820,147.30,USD
RUN-2026-09,2026-09-24,BR-MOB,NB-VOICE-2026-08-01,55119,0.0210,1813,5440,114.24,USD
RUN-2026-09,2026-09-24,BR-MOB,NB-VOICE-2026-08-01,55219,0.0210,1206,3620,76.02,USD
RUN-2026-09,2026-09-24,GT-MOB,NB-VOICE-2026-08-01,5025,0.0850,533,1600,136.00,USD
RUN-2026-09,2026-09-25,MX-MOB,NB-VOICE-2026-09-07,521,0.0185,6666,20000,370.00,USD
RUN-2026-09,2026-09-25,MX-FIX,NB-VOICE-2026-08-01,52,0.0060,4880,14640,87.84,USD
RUN-2026-09,2026-09-25,CO-MOB,NB-VOICE-2026-08-01,573,0.0150,3260,9780,146.70,USD
RUN-2026-09,2026-09-25,BR-MOB,NB-VOICE-2026-08-01,55119,0.0210,1586,4760,99.96,USD
RUN-2026-09,2026-09-25,BR-MOB,NB-VOICE-2026-08-01,55219,0.0210,1060,3180,66.78,USD
RUN-2026-09,2026-09-25,GT-MOB,NB-VOICE-2026-08-01,5025,0.0850,480,1440,122.40,USD
RUN-2026-09,2026-09-26,MX-MOB,NB-VOICE-2026-09-07,521,0.0185,6666,20000,370.00,USD
RUN-2026-09,2026-09-26,MX-FIX,NB-VOICE-2026-08-01,52,0.0060,3940,11820,70.92,USD
RUN-2026-09,2026-09-26,CO-MOB,NB-VOICE-2026-08-01,573,0.0150,2966,8900,133.50,USD
RUN-2026-09,2026-09-26,BR-MOB,NB-VOICE-2026-08-01,55119,0.0210,1540,4620,97.02,USD
RUN-2026-09,2026-09-26,BR-MOB,NB-VOICE-2026-08-01,55219,0.0210,1026,3080,64.68,USD
RUN-2026-09,2026-09-26,GT-MOB,NB-VOICE-2026-08-01,5025,0.0850,373,1120,95.20,USD
RUN-2026-09,2026-09-27,MX-MOB,NB-VOICE-2026-09-07,521,0.0185,6666,20000,370.00,USD
RUN-2026-09,2026-09-27,MX-FIX,NB-VOICE-2026-08-01,52,0.0060,3740,11220,67.32,USD
RUN-2026-09,2026-09-27,CO-MOB,NB-VOICE-2026-08-01,573,0.0150,3060,9180,137.70,USD
RUN-2026-09,2026-09-27,BR-MOB,NB-VOICE-2026-08-01,55119,0.0210,1313,3940,82.74,USD
RUN-2026-09,2026-09-27,BR-MOB,NB-VOICE-2026-08-01,55219,0.0210,880,2640,55.44,USD
RUN-2026-09,2026-09-27,GT-MOB,NB-VOICE-2026-08-01,5025,0.0850,400,1200,102.00,USD
RUN-2026-09,2026-09-28,MX-MOB,NB-VOICE-2026-09-07,521,0.0185,6666,20000,370.00,USD
RUN-2026-09,2026-09-28,MX-FIX,NB-VOICE-2026-08-01,52,0.0060,5073,15220,91.32,USD
RUN-2026-09,2026-09-28,CO-MOB,NB-VOICE-2026-08-01,573,0.0150,3286,9860,147.90,USD
RUN-2026-09,2026-09-28,BR-MOB,NB-VOICE-2026-08-01,55119,0.0210,1746,5240,110.04,USD
RUN-2026-09,2026-09-28,BR-MOB,NB-VOICE-2026-08-01,55219,0.0210,1166,3500,73.50,USD
RUN-2026-09,2026-09-28,GT-MOB,NB-VOICE-2026-08-01,5025,0.0850,526,1580,134.30,USD
RUN-2026-09,2026-09-29,MX-MOB,NB-VOICE-2026-09-07,521,0.0185,6666,20000,370.00,USD
RUN-2026-09,2026-09-29,MX-FIX,NB-VOICE-2026-08-01,52,0.0060,4860,14580,87.48,USD
RUN-2026-09,2026-09-29,CO-MOB,NB-VOICE-2026-08-01,573,0.0150,3720,11160,167.40,USD
RUN-2026-09,2026-09-29,BR-MOB,NB-VOICE-2026-08-01,55119,0.0210,1646,4940,103.74,USD
RUN-2026-09,2026-09-29,BR-MOB,NB-VOICE-2026-08-01,55219,0.0210,1100,3300,69.30,USD
RUN-2026-09,2026-09-29,GT-MOB,NB-VOICE-2026-08-01,5025,0.0850,466,1400,119.00,USD
RUN-2026-09,2026-09-30,MX-MOB,NB-VOICE-2026-09-07,521,0.0185,6666,20000,370.00,USD
RUN-2026-09,2026-09-30,MX-FIX,NB-VOICE-2026-08-01,52,0.0060,4833,14500,87.00,USD
RUN-2026-09,2026-09-30,CO-MOB,NB-VOICE-2026-08-01,573,0.0150,3573,10720,160.80,USD
RUN-2026-09,2026-09-30,BR-MOB,NB-VOICE-2026-08-01,55119,0.0210,1673,5020,105.42,USD
RUN-2026-09,2026-09-30,BR-MOB,NB-VOICE-2026-08-01,55219,0.0210,1113,3340,70.14,USD
RUN-2026-09,2026-09-30,GT-MOB,NB-VOICE-2026-08-01,5025,0.0850,453,1360,115.60,USD
