date_utc,egress_carrier_id,destination_group,calls,duration_sec,billable_minutes,source_batch_ids
2026-09-01,NBCS,MX-MOB,6666,1005827,20000,MED-20260901-TRK-NB-01|MED-20260901-TRK-NB-02
2026-09-01,NBCS,MX-FIX,4720,708347,14160,MED-20260901-TRK-NB-06
2026-09-01,NBCS,CO-MOB,3246,488805,9740,MED-20260901-TRK-NB-03
2026-09-01,NBCS,BR-MOB,2666,400674,8000,MED-20260901-TRK-NB-04
2026-09-01,NBCS,GT-MOB,460,68890,1380,MED-20260901-TRK-NB-05
2026-09-02,NBCS,MX-MOB,6666,1002282,20000,MED-20260902-TRK-NB-01|MED-20260902-TRK-NB-02
2026-09-02,NBCS,MX-FIX,4593,690798,13780,MED-20260902-TRK-NB-06
2026-09-02,NBCS,CO-MOB,3473,522071,10420,MED-20260902-TRK-NB-03
2026-09-02,NBCS,BR-MOB,3019,454678,9060,MED-20260902-TRK-NB-04
2026-09-02,NBCS,GT-MOB,500,74942,1500,MED-20260902-TRK-NB-05
2026-09-03,NBCS,MX-MOB,6666,1000649,20000,MED-20260903-TRK-NB-01|MED-20260903-TRK-NB-02
2026-09-03,NBCS,MX-FIX,5093,767093,15280,MED-20260903-TRK-NB-06
2026-09-03,NBCS,CO-MOB,3726,559996,11180,MED-20260903-TRK-NB-03
2026-09-03,NBCS,BR-MOB,2653,400311,7960,MED-20260903-TRK-NB-04
2026-09-03,NBCS,GT-MOB,480,71568,1440,MED-20260903-TRK-NB-05
2026-09-04,NBCS,MX-MOB,6666,1001134,20000,MED-20260904-TRK-NB-01|MED-20260904-TRK-NB-02
2026-09-04,NBCS,MX-FIX,4253,641161,12760,MED-20260904-TRK-NB-06
2026-09-04,NBCS,CO-MOB,3153,474822,9460,MED-20260904-TRK-NB-03
2026-09-04,NBCS,BR-MOB,3159,475547,9480,MED-20260904-TRK-NB-04
2026-09-04,NBCS,GT-MOB,486,73622,1460,MED-20260904-TRK-NB-05
2026-09-05,NBCS,MX-MOB,6666,1004575,20000,MED-20260905-TRK-NB-01|MED-20260905-TRK-NB-02
2026-09-05,NBCS,MX-FIX,3713,559776,11140,MED-20260905-TRK-NB-06
2026-09-05,NBCS,CO-MOB,2900,437159,8700,MED-20260905-TRK-NB-03
2026-09-05,NBCS,BR-MOB,2186,330054,6560,MED-20260905-TRK-NB-04
2026-09-05,NBCS,GT-MOB,353,53471,1060,MED-20260905-TRK-NB-05
2026-09-06,NBCS,MX-MOB,6666,1005263,20000,MED-20260906-TRK-NB-01|MED-20260906-TRK-NB-02
2026-09-06,NBCS,MX-FIX,3886,585166,11660,MED-20260906-TRK-NB-06
2026-09-06,NBCS,CO-MOB,2833,425472,8500,MED-20260906-TRK-NB-03
2026-09-06,NBCS,BR-MOB,2533,381744,7600,MED-20260906-TRK-NB-04
2026-09-06,NBCS,GT-MOB,400,60662,1200,MED-20260906-TRK-NB-05
2026-09-07,NBCS,MX-MOB,6666,1002967,20000,MED-20260907-TRK-NB-01|MED-20260907-TRK-NB-02
2026-09-07,NBCS,MX-FIX,4773,715666,14320,MED-20260907-TRK-NB-06
2026-09-07,NBCS,CO-MOB,3460,521040,10380,MED-20260907-TRK-NB-03
2026-09-07,NBCS,BR-MOB,3166,476402,9500,MED-20260907-TRK-NB-04
2026-09-07,NBCS,GT-MOB,533,80301,1600,MED-20260907-TRK-NB-05
2026-09-08,NBCS,MX-MOB,6666,1002428,20000,MED-20260908-TRK-NB-01|MED-20260908-TRK-NB-02
2026-09-08,NBCS,MX-FIX,4393,662156,13180,MED-20260908-TRK-NB-06
2026-09-08,NBCS,CO-MOB,3466,521506,10400,MED-20260908-TRK-NB-03
2026-09-08,NBCS,BR-MOB,2979,447360,8940,MED-20260908-TRK-NB-04
2026-09-08,NBCS,GT-MOB,520,78808,1560,MED-20260908-TRK-NB-05
2026-09-09,NBCS,MX-MOB,6666,1000830,20000,MED-20260909-TRK-NB-01|MED-20260909-TRK-NB-02
2026-09-09,NBCS,MX-FIX,4940,742587,14820,MED-20260909-TRK-NB-06
2026-09-09,NBCS,CO-MOB,3846,577092,11540,MED-20260909-TRK-NB-03
2026-09-09,NBCS,BR-MOB,2979,449411,8940,MED-20260909-TRK-NB-04
2026-09-09,NBCS,GT-MOB,513,76800,1540,MED-20260909-TRK-NB-05
2026-09-10,NBCS,MX-MOB,6666,1002690,20000,MED-20260910-TRK-NB-01|MED-20260910-TRK-NB-02
2026-09-10,NBCS,MX-FIX,4793,722571,14380,MED-20260910-TRK-NB-06
2026-09-10,NBCS,CO-MOB,3313,498633,9940,MED-20260910-TRK-NB-03
2026-09-10,NBCS,BR-MOB,2900,437328,8700,MED-20260910-TRK-NB-04
2026-09-10,NBCS,GT-MOB,533,79927,1600,MED-20260910-TRK-NB-05
2026-09-11,NBCS,MX-MOB,6666,1001635,20000,MED-20260911-TRK-NB-01|MED-20260911-TRK-NB-02
2026-09-11,NBCS,MX-FIX,4320,648644,12960,MED-20260911-TRK-NB-06
2026-09-11,NBCS,CO-MOB,3760,566923,11280,MED-20260911-TRK-NB-03
2026-09-11,NBCS,BR-MOB,3219,484138,9660,MED-20260911-TRK-NB-04
2026-09-11,NBCS,GT-MOB,526,79362,1580,MED-20260911-TRK-NB-05
2026-09-12,NBCS,MX-MOB,6666,1003214,20000,MED-20260912-TRK-NB-01|MED-20260912-TRK-NB-02
2026-09-12,NBCS,MX-FIX,4006,604167,12020,MED-20260912-TRK-NB-06
2026-09-12,NBCS,CO-MOB,3020,454671,9060,MED-20260912-TRK-NB-03
2026-09-12,NBCS,BR-MOB,2279,343331,6840,MED-20260912-TRK-NB-04
2026-09-12,NBCS,GT-MOB,400,59783,1200,MED-20260912-TRK-NB-05
2026-09-13,NBCS,MX-MOB,6666,1001512,20000,MED-20260913-TRK-NB-01|MED-20260913-TRK-NB-02
2026-09-13,NBCS,MX-FIX,3640,548280,10920,MED-20260913-TRK-NB-06
2026-09-13,NBCS,CO-MOB,2806,424155,8420,MED-20260913-TRK-NB-03
2026-09-13,NBCS,BR-MOB,2339,352371,7020,MED-20260913-TRK-NB-04
2026-09-13,NBCS,GT-MOB,360,54195,1080,MED-20260913-TRK-NB-05
2026-09-14,NBCS,MX-MOB,6666,1003573,20000,MED-20260914-TRK-NB-01|MED-20260914-TRK-NB-02
2026-09-14,NBCS,MX-FIX,4893,736984,14680,MED-20260914-TRK-NB-06
2026-09-14,NBCS,CO-MOB,3193,480515,9580,MED-20260914-TRK-NB-03
2026-09-14,NBCS,BR-MOB,2653,397668,7960,MED-20260914-TRK-NB-04
2026-09-14,NBCS,GT-MOB,440,65923,1320,MED-20260914-TRK-NB-05
2026-09-15,NBCS,MX-MOB,6666,1003359,20000,MED-20260915-TRK-NB-01|MED-20260915-TRK-NB-02
2026-09-15,NBCS,MX-FIX,4286,646921,12860,MED-20260915-TRK-NB-06
2026-09-15,NBCS,CO-MOB,3753,565126,11260,MED-20260915-TRK-NB-03
2026-09-15,NBCS,BR-MOB,3212,484367,9640,MED-20260915-TRK-NB-04
2026-09-15,NBCS,GT-MOB,526,78807,1580,MED-20260915-TRK-NB-05
2026-09-16,NBCS,MX-MOB,6666,1004010,20000,MED-20260916-TRK-NB-01|MED-20260916-TRK-NB-02
2026-09-16,NBCS,MX-FIX,4580,687710,13740,MED-20260916-TRK-NB-06
2026-09-16,NBCS,CO-MOB,3720,560858,11160,MED-20260916-TRK-NB-03
2026-09-16,NBCS,BR-MOB,2939,441298,8820,MED-20260916-TRK-NB-04
2026-09-16,NBCS,GT-MOB,526,79218,1580,MED-20260916-TRK-NB-05
2026-09-17,NBCS,MX-MOB,6666,1001577,20000,MED-20260917-TRK-NB-01|MED-20260917-TRK-NB-02
2026-09-17,NBCS,MX-FIX,5013,755206,15040,MED-20260917-TRK-NB-06
2026-09-17,NBCS,CO-MOB,3620,544329,10860,MED-20260917-TRK-NB-03
2026-09-17,NBCS,BR-MOB,3119,470781,9360,MED-20260917-TRK-NB-04
2026-09-17,NBCS,GT-MOB,480,72374,1440,MED-20260917-TRK-NB-05
2026-09-18,NBCS,MX-MOB,6666,1005927,20000,MED-20260918-TRK-NB-01|MED-20260918-TRK-NB-02
2026-09-18,NBCS,MX-FIX,4660,700836,13980,MED-20260918-TRK-NB-06
2026-09-18,NBCS,CO-MOB,3546,533717,10640,MED-20260918-TRK-NB-03
2026-09-18,NBCS,BR-MOB,2739,412841,8220,MED-20260918-TRK-NB-04
2026-09-18,NBCS,GT-MOB,520,77600,1560,MED-20260918-TRK-NB-05
2026-09-19,NBCS,MX-MOB,6666,1001748,20000,MED-20260919-TRK-NB-01|MED-20260919-TRK-NB-02
2026-09-19,NBCS,MX-FIX,3346,503136,10040,MED-20260919-TRK-NB-06
2026-09-19,NBCS,CO-MOB,2646,398181,7940,MED-20260919-TRK-NB-03
2026-09-19,NBCS,BR-MOB,2253,338681,6760,MED-20260919-TRK-NB-04
2026-09-19,NBCS,GT-MOB,386,57699,1160,MED-20260919-TRK-NB-05
2026-09-20,NBCS,MX-MOB,6666,1003583,20000,MED-20260920-TRK-NB-01|MED-20260920-TRK-NB-02
2026-09-20,NBCS,MX-FIX,3426,516367,10280,MED-20260920-TRK-NB-06
2026-09-20,NBCS,CO-MOB,2833,425070,8500,MED-20260920-TRK-NB-03
2026-09-20,NBCS,BR-MOB,2546,382907,7640,MED-20260920-TRK-NB-04
2026-09-20,NBCS,GT-MOB,366,55250,1100,MED-20260920-TRK-NB-05
2026-09-21,NBCS,MX-MOB,6666,1001651,20000,MED-20260921-TRK-NB-01|MED-20260921-TRK-NB-02
2026-09-21,NBCS,MX-FIX,4253,642016,12760,MED-20260921-TRK-NB-06
2026-09-21,NBCS,CO-MOB,3606,542283,10820,MED-20260921-TRK-NB-03
2026-09-21,NBCS,BR-MOB,2733,412501,8200,MED-20260921-TRK-NB-04
2026-09-21,NBCS,GT-MOB,526,79370,1580,MED-20260921-TRK-NB-05
2026-09-22,NBCS,MX-MOB,6666,1003419,20000,MED-20260922-TRK-NB-01|MED-20260922-TRK-NB-02
2026-09-22,NBCS,MX-FIX,4753,716407,14260,MED-20260922-TRK-NB-06
2026-09-22,NBCS,CO-MOB,3453,520210,10360,MED-20260922-TRK-NB-03
2026-09-22,NBCS,BR-MOB,3066,462615,9200,MED-20260922-TRK-NB-04
2026-09-22,NBCS,GT-MOB,486,72959,1460,MED-20260922-TRK-NB-05
2026-09-23,NBCS,MX-MOB,6666,1003772,20000,MED-20260923-TRK-NB-01|MED-20260923-TRK-NB-02
2026-09-23,NBCS,MX-FIX,4586,689993,13760,MED-20260923-TRK-NB-06
2026-09-23,NBCS,CO-MOB,3480,523490,10440,MED-20260923-TRK-NB-03
2026-09-23,NBCS,BR-MOB,3106,467237,9320,MED-20260923-TRK-NB-04
2026-09-23,NBCS,GT-MOB,440,65988,1320,MED-20260923-TRK-NB-05
2026-09-24,NBCS,MX-MOB,6666,1003155,20000,MED-20260924-TRK-NB-01|MED-20260924-TRK-NB-02
2026-09-24,NBCS,MX-FIX,5080,763575,15240,MED-20260924-TRK-NB-06
2026-09-24,NBCS,CO-MOB,3273,491779,9820,MED-20260924-TRK-NB-03
2026-09-24,NBCS,BR-MOB,3019,453970,9060,MED-20260924-TRK-NB-04
2026-09-24,NBCS,GT-MOB,533,80842,1600,MED-20260924-TRK-NB-05
2026-09-25,NBCS,MX-MOB,6666,1003981,20000,MED-20260925-TRK-NB-01|MED-20260925-TRK-NB-02
2026-09-25,NBCS,MX-FIX,4880,734374,14640,MED-20260925-TRK-NB-06
2026-09-25,NBCS,CO-MOB,3260,491993,9780,MED-20260925-TRK-NB-03
2026-09-25,NBCS,BR-MOB,2646,398008,7940,MED-20260925-TRK-NB-04
2026-09-25,NBCS,GT-MOB,480,71740,1440,MED-20260925-TRK-NB-05
2026-09-26,NBCS,MX-MOB,6666,1002971,20000,MED-20260926-TRK-NB-01|MED-20260926-TRK-NB-02
2026-09-26,NBCS,MX-FIX,3940,591700,11820,MED-20260926-TRK-NB-06
2026-09-26,NBCS,CO-MOB,2966,446496,8900,MED-20260926-TRK-NB-03
2026-09-26,NBCS,BR-MOB,2566,386821,7700,MED-20260926-TRK-NB-04
2026-09-26,NBCS,GT-MOB,373,55723,1120,MED-20260926-TRK-NB-05
2026-09-27,NBCS,MX-MOB,6666,1003830,20000,MED-20260927-TRK-NB-01|MED-20260927-TRK-NB-02
2026-09-27,NBCS,MX-FIX,3740,562417,11220,MED-20260927-TRK-NB-06
2026-09-27,NBCS,CO-MOB,3060,460645,9180,MED-20260927-TRK-NB-03
2026-09-27,NBCS,BR-MOB,2193,331778,6580,MED-20260927-TRK-NB-04
2026-09-27,NBCS,GT-MOB,400,60093,1200,MED-20260927-TRK-NB-05
2026-09-28,NBCS,MX-MOB,6666,1000100,20000,MED-20260928-TRK-NB-01|MED-20260928-TRK-NB-02
2026-09-28,NBCS,MX-FIX,5073,762231,15220,MED-20260928-TRK-NB-06
2026-09-28,NBCS,CO-MOB,3286,494311,9860,MED-20260928-TRK-NB-03
2026-09-28,NBCS,BR-MOB,2912,439761,8740,MED-20260928-TRK-NB-04
2026-09-28,NBCS,GT-MOB,526,79156,1580,MED-20260928-TRK-NB-05
2026-09-29,NBCS,MX-MOB,6666,1004392,20000,MED-20260929-TRK-NB-01|MED-20260929-TRK-NB-02
2026-09-29,NBCS,MX-FIX,4860,731895,14580,MED-20260929-TRK-NB-06
2026-09-29,NBCS,CO-MOB,3720,559629,11160,MED-20260929-TRK-NB-03
2026-09-29,NBCS,BR-MOB,2746,413785,8240,MED-20260929-TRK-NB-04
2026-09-29,NBCS,GT-MOB,466,70448,1400,MED-20260929-TRK-NB-05
2026-09-30,NBCS,MX-MOB,6666,1000631,20000,MED-20260930-TRK-NB-01|MED-20260930-TRK-NB-02
2026-09-30,NBCS,MX-FIX,4833,727494,14500,MED-20260930-TRK-NB-06
2026-09-30,NBCS,CO-MOB,3573,537382,10720,MED-20260930-TRK-NB-03
2026-09-30,NBCS,BR-MOB,2786,418352,8360,MED-20260930-TRK-NB-04
2026-09-30,NBCS,GT-MOB,453,68492,1360,MED-20260930-TRK-NB-05
